<?xml version="1.0" encoding="UTF-8" ?>
<!DOCTYPE mapper PUBLIC "-//mybatis.org//DTD Mapper 3.0//EN" "http://mybatis.org/dtd/mybatis-3-mapper.dtd" >
<mapper namespace="com.mysiteforme.admin.dao.TableDao" >

    <!--查询数据库中表的数量-->
    <select id="selectTableCount" resultType="java.lang.Integer">
        select count(*)
        from information_schema.tables
        where table_schema='mysiteforme'
    </select>

    <!--查询mysql数据表是否存在 -->
    <select id="existTable" parameterType="String" resultType="java.lang.Integer">
        select count(table_name)
        from information_schema.tables
        where table_schema='mysiteforme' and table_name=#{tableName}
    </select>

    <select id="existTableField" parameterType="java.util.Map" resultType="java.lang.Integer">
        select count(*)
        from information_schema.columns
        where table_schema ='mysiteforme'
        and table_name = #{tableName}
        and COLUMN_NAME = #{fieldName}
    </select>

    <!--查询所有表（不分页）-->
    <select id="listAll" resultType="com.mysiteforme.admin.entity.VO.TableVO">
        select
        TABLE_NAME as "name",
        TABLE_ROWS as "tableRows",
        CREATE_TIME as "createTime",
        UPDATE_TIME as "updateTime",
        TABLE_COMMENT as "comment"
        from information_schema.TABLES where TABLE_SCHEMA='mysiteforme'
    </select>
    <!--查询所有表（分页）-->
    <select id="listPage" resultType="com.mysiteforme.admin.entity.VO.TableVO">
        select
        TABLE_NAME as "name",
        TABLE_ROWS as "tableRows",
        CREATE_TIME as "createTime",
        UPDATE_TIME as "updateTime",
        TABLE_COMMENT as "comment"
        from information_schema.TABLES where TABLE_SCHEMA='mysiteforme'
        <if test="name != null and name != ''">
            and TABLE_NAME like CONCAT('%', '${name}', '%')
        </if>
        ORDER BY CREATE_TIME DESC
    </select>

    <resultMap id="fieldListDetail" type="com.mysiteforme.admin.entity.VO.TableField">
        <result property="name" column="name" />
        <result property="isNullValue" column="isNullValue"/>
        <result property="type" column="type"/>
        <result property="length" column="length"/>
        <result property="comment" column="comment"/>
        <collection property="dictlist"  ofType="com.mysiteforme.admin.entity.Dict">
            <result property="id" column="dictlist.id" />
            <result property="type" column="dictlist.type"/>
            <result property="label" column="dictlist.label"/>
            <result property="value" column="dictlist.value"/>
        </collection>
    </resultMap>

    <!--查询表的所有字段-->
    <select id="selectFields" resultMap="fieldListDetail" parameterType="java.util.Map">
        select
        c.COLUMN_NAME as "name",
        c.ORDINAL_POSITION,
        c.IS_NULLABLE as "isNullValue",
        upper(c.DATA_TYPE) as "type",
        if(locate('(',c.COLUMN_TYPE)=0,null,substring_index(substring_index(c.COLUMN_TYPE,'(',-1),')',1)) as "length",
        c.COLUMN_COMMENT as "comment",
        d.id as "dictlist.id",
        d.type as "dictlist.type",
        d.label as "dictlist.label",
        d.value as "dictlist.value"
        FROM
        INFORMATION_SCHEMA.Columns  c
        left join (select * from sys_dict where parent_id = '0' and del_flag = false) d on d.type = CONCAT(c.TABLE_NAME,"_",c.COLUMN_NAME)
        where c.table_name=#{name} and c.table_schema='mysiteforme'
        <if test="tableType != null and tableType == 1">
            and COLUMN_NAME not in ('id','create_date','create_by','update_date','update_by','remarks','del_flag')
        </if>
        <if test="tableType != null and tableType == 2">
            and COLUMN_NAME not in ('id','parent_id','parent_ids','level','sort',
            'create_date','create_by','update_date','update_by','remarks','del_flag')
        </if>
        <if test="tableType != null and tableType == 3">
            and COLUMN_NAME != 'id'
        </if>
        order by ORDINAL_POSITION
    </select>

    <resultMap id="detailTable" type="com.mysiteforme.admin.entity.VO.TableVO">
        <result column="name" property="name" />
        <result column="comment" property="comment" />
        <collection property="fieldList" ofType="com.mysiteforme.admin.entity.VO.TableField">
            <result property="name" column="fieldList.name" />
            <result property="isNullValue" column="fieldList.isNullValue"/>
            <result property="type" column="fieldList.type"/>
            <result property="length" column="fieldList.length"/>
            <result property="comment" column="fieldList.comment"/>
        </collection>
    </resultMap>

    <select id="selectDetailTable" resultMap="detailTable" parameterType="java.lang.String">
        select
        t.TABLE_NAME  as "name",
        t.TABLE_COMMENT  as "comment",
        c.COLUMN_NAME as "fieldList.name",
        c.IS_NULLABLE as "fieldList.isNullValue",
        upper(c.DATA_TYPE) as "fieldList.type",
        if(locate('(',c.COLUMN_TYPE)=0,null,substring_index(substring_index(c.COLUMN_TYPE,'(',-1),')',1)) as "fieldList.length",
        c.COLUMN_COMMENT as "fieldList.comment",
        d.id as "dictlist.id",
        d.type as "dictlist.type",
        d.label as "dictlist.label",
        d.value as "dictlist.value"
        FROM
        information_schema.TABLES t
        left join INFORMATION_SCHEMA.Columns c on c.TABLE_NAME=t.TABLE_NAME
        left join (select * from sys_dict where parent_id = '0' and del_flag = false) d on d.type = CONCAT(t.TABLE_NAME,"_",c.COLUMN_NAME)
        where
        1 = 1
        and c.table_name=#{name}
        and t.table_schema='mysiteforme'
    </select>


    <!--创建mysql数据表 -->
    <update id="creatTable" parameterType="java.util.Map">
        CREATE TABLE `${name}`(
        `id` bigint(20) NOT NULL AUTO_INCREMENT COMMENT '主键',
          <foreach collection="fieldList" item="field">
              `${field.name}` ${field.type}<if test="field.length != null and field.length != 0">(${field.length})</if> <if test="field.isNullValue != null and field.isNullValue == 'NO'">not null</if> COMMENT '${field.comment}',
          </foreach>
        <if test="tabletype != null and tabletype == 1">
            `create_date` datetime DEFAULT NULL COMMENT '创建时间',
            `create_by` bigint(20) DEFAULT NULL COMMENT '创建人',
            `update_date` datetime DEFAULT NULL COMMENT '修改时间',
            `update_by` bigint(20) DEFAULT NULL COMMENT '修改人',
            `remarks` varchar(255) DEFAULT NULL COMMENT '备注',
            `del_flag` tinyint(4) DEFAULT NULL  COMMENT '删除标记',
        </if>
        <if test="tabletype != null and tabletype == 2">
            `parent_id` bigint(20) DEFAULT NULL COMMENT '父节点ID',
            `parent_ids` varchar(2000) DEFAULT NULL COMMENT '父节点联集',
            `level` bigint(2) DEFAULT NULL COMMENT '层级深度',
            `sort` smallint(6) DEFAULT NULL COMMENT '排序',
            `create_date` datetime DEFAULT NULL COMMENT '创建时间',
            `create_by` bigint(20) DEFAULT NULL COMMENT '创建人',
            `update_date` datetime DEFAULT NULL COMMENT '修改时间',
            `update_by` bigint(20) DEFAULT NULL COMMENT '修改人',
            `remarks` varchar(255) DEFAULT NULL COMMENT '备注',
            `del_flag` tinyint(4) DEFAULT NULL  COMMENT '删除标记',
        </if>
          PRIMARY KEY (`id`)
        ) ENGINE=InnoDB DEFAULT CHARSET=utf8 COMMENT= '${comment}';
    </update>

    <!--添加/字段-->
    <update id="addColumn" parameterType="java.util.Map">
        alter table ${tableName} add  ${name} ${type}<if test="length != null and length != 0">(${length})</if> <if test="isNullValue == 'NO'">not Null</if> COMMENT '${comment}';
    </update>

    <!---修改字段(不修改字段名)-->
    <update id="updateColumnSameName" parameterType="java.util.Map">
        alter table ${tableName} modify ${name} ${type}<if test="length != null and length != 0">(${length})</if> <if test="isNullValue == 'NO'">not Null</if> COMMENT '${comment}';
    </update>

    <!---修改字段(同时修改字段名)-->
    <update id="updateColumnDiffName" parameterType="java.util.Map">
        alter table ${tableName} CHANGE ${oldName} ${name} ${type}<if test="length != null and length != 0">(${length})</if> <if test="isNullValue == 'NO'">not Null</if> COMMENT '${comment}';
    </update>

    <!--删除字段-->
    <update id="dropTableField" parameterType="java.util.Map">
            ALTER  table ${tableName} DROP  ${fieldName}
    </update>

    <!--删除表-->
    <update id="dropTable" parameterType="java.lang.String">
        drop table ${tableName}
    </update>

    <!--修改表的名字-->
    <update id="changeTableName" parameterType="java.util.Map">
        alter table ${oldname} rename ${name};
    </update>

    <update id="changeTableComment" parameterType="java.util.Map">
        alter table ${tableName} comment '${comment}';
    </update>
</mapper>