<?xml version="1.0" encoding="UTF-8" ?>
<!DOCTYPE mapper PUBLIC "-//mybatis.org//DTD Mapper 3.0//EN" "http://mybatis.org/dtd/mybatis-3-mapper.dtd" >
<mapper namespace="com.xbjs.webim.mapper.ImGroupUserMapper" >
  <resultMap id="BaseResultMap" type="com.xbjs.webim.pojo.ImGroupUser" >
    <id column="group_user_id" property="groupUserId" jdbcType="BIGINT" />
    <result column="user_id" property="userId" jdbcType="BIGINT" />
    <result column="group_id" property="groupId" jdbcType="BIGINT" />
    <result column="nickName" property="nickname" jdbcType="VARCHAR" />
  </resultMap>
  <sql id="Example_Where_Clause" >
    <where >
      <foreach collection="oredCriteria" item="criteria" separator="or" >
        <if test="criteria.valid" >
          <trim prefix="(" suffix=")" prefixOverrides="and" >
            <foreach collection="criteria.criteria" item="criterion" >
              <choose >
                <when test="criterion.noValue" >
                  and ${criterion.condition}
                </when>
                <when test="criterion.singleValue" >
                  and ${criterion.condition} #{criterion.value}
                </when>
                <when test="criterion.betweenValue" >
                  and ${criterion.condition} #{criterion.value} and #{criterion.secondValue}
                </when>
                <when test="criterion.listValue" >
                  and ${criterion.condition}
                  <foreach collection="criterion.value" item="listItem" open="(" close=")" separator="," >
                    #{listItem}
                  </foreach>
                </when>
              </choose>
            </foreach>
          </trim>
        </if>
      </foreach>
    </where>
  </sql>
  <sql id="Update_By_Example_Where_Clause" >
    <where >
      <foreach collection="example.oredCriteria" item="criteria" separator="or" >
        <if test="criteria.valid" >
          <trim prefix="(" suffix=")" prefixOverrides="and" >
            <foreach collection="criteria.criteria" item="criterion" >
              <choose >
                <when test="criterion.noValue" >
                  and ${criterion.condition}
                </when>
                <when test="criterion.singleValue" >
                  and ${criterion.condition} #{criterion.value}
                </when>
                <when test="criterion.betweenValue" >
                  and ${criterion.condition} #{criterion.value} and #{criterion.secondValue}
                </when>
                <when test="criterion.listValue" >
                  and ${criterion.condition}
                  <foreach collection="criterion.value" item="listItem" open="(" close=")" separator="," >
                    #{listItem}
                  </foreach>
                </when>
              </choose>
            </foreach>
          </trim>
        </if>
      </foreach>
    </where>
  </sql>
  <sql id="Base_Column_List" >
    group_user_id, user_id, group_id, nickName
  </sql>
  <select id="selectByExample" resultMap="BaseResultMap" parameterType="com.xbjs.webim.pojo.ImGroupUserExample" >
    select
    <if test="distinct" >
      distinct
    </if>
    <include refid="Base_Column_List" />
    from im_group_user
    <if test="_parameter != null" >
      <include refid="Example_Where_Clause" />
    </if>
    <if test="orderByClause != null" >
      order by ${orderByClause}
    </if>
  </select>
  <select id="selectByPrimaryKey" resultMap="BaseResultMap" parameterType="java.lang.Long" >
    select 
    <include refid="Base_Column_List" />
    from im_group_user
    where group_user_id = #{groupUserId,jdbcType=BIGINT}
  </select>
  <delete id="deleteByPrimaryKey" parameterType="java.lang.Long" >
    delete from im_group_user
    where group_user_id = #{groupUserId,jdbcType=BIGINT}
  </delete>
  <delete id="deleteByExample" parameterType="com.xbjs.webim.pojo.ImGroupUserExample" >
    delete from im_group_user
    <if test="_parameter != null" >
      <include refid="Example_Where_Clause" />
    </if>
  </delete>
  <insert id="insert" parameterType="com.xbjs.webim.pojo.ImGroupUser" >
    insert into im_group_user (group_user_id, user_id, group_id, 
      nickName)
    values (#{groupUserId,jdbcType=BIGINT}, #{userId,jdbcType=BIGINT}, #{groupId,jdbcType=BIGINT}, 
      #{nickname,jdbcType=VARCHAR})
  </insert>
  <insert id="insertSelective" parameterType="com.xbjs.webim.pojo.ImGroupUser" >
    insert into im_group_user
    <trim prefix="(" suffix=")" suffixOverrides="," >
      <if test="groupUserId != null" >
        group_user_id,
      </if>
      <if test="userId != null" >
        user_id,
      </if>
      <if test="groupId != null" >
        group_id,
      </if>
      <if test="nickname != null" >
        nickName,
      </if>
    </trim>
    <trim prefix="values (" suffix=")" suffixOverrides="," >
      <if test="groupUserId != null" >
        #{groupUserId,jdbcType=BIGINT},
      </if>
      <if test="userId != null" >
        #{userId,jdbcType=BIGINT},
      </if>
      <if test="groupId != null" >
        #{groupId,jdbcType=BIGINT},
      </if>
      <if test="nickname != null" >
        #{nickname,jdbcType=VARCHAR},
      </if>
    </trim>
  </insert>
  <select id="countByExample" parameterType="com.xbjs.webim.pojo.ImGroupUserExample" resultType="java.lang.Integer" >
    select count(*) from im_group_user
    <if test="_parameter != null" >
      <include refid="Example_Where_Clause" />
    </if>
  </select>
  <update id="updateByExampleSelective" parameterType="map" >
    update im_group_user
    <set >
      <if test="record.groupUserId != null" >
        group_user_id = #{record.groupUserId,jdbcType=BIGINT},
      </if>
      <if test="record.userId != null" >
        user_id = #{record.userId,jdbcType=BIGINT},
      </if>
      <if test="record.groupId != null" >
        group_id = #{record.groupId,jdbcType=BIGINT},
      </if>
      <if test="record.nickname != null" >
        nickName = #{record.nickname,jdbcType=VARCHAR},
      </if>
    </set>
    <if test="_parameter != null" >
      <include refid="Update_By_Example_Where_Clause" />
    </if>
  </update>
  <update id="updateByExample" parameterType="map" >
    update im_group_user
    set group_user_id = #{record.groupUserId,jdbcType=BIGINT},
      user_id = #{record.userId,jdbcType=BIGINT},
      group_id = #{record.groupId,jdbcType=BIGINT},
      nickName = #{record.nickname,jdbcType=VARCHAR}
    <if test="_parameter != null" >
      <include refid="Update_By_Example_Where_Clause" />
    </if>
  </update>
  <update id="updateByPrimaryKeySelective" parameterType="com.xbjs.webim.pojo.ImGroupUser" >
    update im_group_user
    <set >
      <if test="userId != null" >
        user_id = #{userId,jdbcType=BIGINT},
      </if>
      <if test="groupId != null" >
        group_id = #{groupId,jdbcType=BIGINT},
      </if>
      <if test="nickname != null" >
        nickName = #{nickname,jdbcType=VARCHAR},
      </if>
    </set>
    where group_user_id = #{groupUserId,jdbcType=BIGINT}
  </update>
  <update id="updateByPrimaryKey" parameterType="com.xbjs.webim.pojo.ImGroupUser" >
    update im_group_user
    set user_id = #{userId,jdbcType=BIGINT},
      group_id = #{groupId,jdbcType=BIGINT},
      nickName = #{nickname,jdbcType=VARCHAR}
    where group_user_id = #{groupUserId,jdbcType=BIGINT}
  </update>
</mapper>