<?xml version="1.0" encoding="UTF-8" ?>
<!DOCTYPE mapper PUBLIC "-//mybatis.org//DTD Mapper 3.0//EN" "http://mybatis.org/dtd/mybatis-3-mapper.dtd" >
<mapper namespace="com.xbjs.webim.mapper.ImGroupMapper" >
  <resultMap id="BaseResultMap" type="com.xbjs.webim.pojo.ImGroup" >
    <id column="group_id" property="groupId" jdbcType="BIGINT" />
    <result column="groupname" property="groupname" jdbcType="VARCHAR" />
    <result column="avatar" property="avatar" jdbcType="VARCHAR" />
    <result column="notice" property="notice" jdbcType="VARCHAR" />
    <result column="user_id" property="userId" jdbcType="VARCHAR" />
    <result column="approval" property="approval" jdbcType="INTEGER" />
  </resultMap>
  <sql id="Example_Where_Clause" >
    <where >
      <foreach collection="oredCriteria" item="criteria" separator="or" >
        <if test="criteria.valid" >
          <trim prefix="(" suffix=")" prefixOverrides="and" >
            <foreach collection="criteria.criteria" item="criterion" >
              <choose >
                <when test="criterion.noValue" >
                  and ${criterion.condition}
                </when>
                <when test="criterion.singleValue" >
                  and ${criterion.condition} #{criterion.value}
                </when>
                <when test="criterion.betweenValue" >
                  and ${criterion.condition} #{criterion.value} and #{criterion.secondValue}
                </when>
                <when test="criterion.listValue" >
                  and ${criterion.condition}
                  <foreach collection="criterion.value" item="listItem" open="(" close=")" separator="," >
                    #{listItem}
                  </foreach>
                </when>
              </choose>
            </foreach>
          </trim>
        </if>
      </foreach>
    </where>
  </sql>
  <sql id="Update_By_Example_Where_Clause" >
    <where >
      <foreach collection="example.oredCriteria" item="criteria" separator="or" >
        <if test="criteria.valid" >
          <trim prefix="(" suffix=")" prefixOverrides="and" >
            <foreach collection="criteria.criteria" item="criterion" >
              <choose >
                <when test="criterion.noValue" >
                  and ${criterion.condition}
                </when>
                <when test="criterion.singleValue" >
                  and ${criterion.condition} #{criterion.value}
                </when>
                <when test="criterion.betweenValue" >
                  and ${criterion.condition} #{criterion.value} and #{criterion.secondValue}
                </when>
                <when test="criterion.listValue" >
                  and ${criterion.condition}
                  <foreach collection="criterion.value" item="listItem" open="(" close=")" separator="," >
                    #{listItem}
                  </foreach>
                </when>
              </choose>
            </foreach>
          </trim>
        </if>
      </foreach>
    </where>
  </sql>
  <sql id="Base_Column_List" >
    group_id, groupname, avatar, notice, user_id, approval
  </sql>
  <select id="selectByExample" resultMap="BaseResultMap" parameterType="com.xbjs.webim.pojo.ImGroupExample" >
    select
    <if test="distinct" >
      distinct
    </if>
    <include refid="Base_Column_List" />
    from im_group
    <if test="_parameter != null" >
      <include refid="Example_Where_Clause" />
    </if>
    <if test="orderByClause != null" >
      order by ${orderByClause}
    </if>
  </select>
  <select id="selectByPrimaryKey" resultMap="BaseResultMap" parameterType="java.lang.Long" >
    select 
    <include refid="Base_Column_List" />
    from im_group
    where group_id = #{groupId,jdbcType=BIGINT}
  </select>
  <delete id="deleteByPrimaryKey" parameterType="java.lang.Long" >
    delete from im_group
    where group_id = #{groupId,jdbcType=BIGINT}
  </delete>
  <delete id="deleteByExample" parameterType="com.xbjs.webim.pojo.ImGroupExample" >
    delete from im_group
    <if test="_parameter != null" >
      <include refid="Example_Where_Clause" />
    </if>
  </delete>
  <insert id="insert" parameterType="com.xbjs.webim.pojo.ImGroup" >
    insert into im_group (group_id, groupname, avatar, 
      notice, user_id, approval
      )
    values (#{groupId,jdbcType=BIGINT}, #{groupname,jdbcType=VARCHAR}, #{avatar,jdbcType=VARCHAR}, 
      #{notice,jdbcType=VARCHAR}, #{userId,jdbcType=VARCHAR}, #{approval,jdbcType=INTEGER}
      )
  </insert>
  <insert id="insertSelective" parameterType="com.xbjs.webim.pojo.ImGroup" >
    insert into im_group
    <trim prefix="(" suffix=")" suffixOverrides="," >
      <if test="groupId != null" >
        group_id,
      </if>
      <if test="groupname != null" >
        groupname,
      </if>
      <if test="avatar != null" >
        avatar,
      </if>
      <if test="notice != null" >
        notice,
      </if>
      <if test="userId != null" >
        user_id,
      </if>
      <if test="approval != null" >
        approval,
      </if>
    </trim>
    <trim prefix="values (" suffix=")" suffixOverrides="," >
      <if test="groupId != null" >
        #{groupId,jdbcType=BIGINT},
      </if>
      <if test="groupname != null" >
        #{groupname,jdbcType=VARCHAR},
      </if>
      <if test="avatar != null" >
        #{avatar,jdbcType=VARCHAR},
      </if>
      <if test="notice != null" >
        #{notice,jdbcType=VARCHAR},
      </if>
      <if test="userId != null" >
        #{userId,jdbcType=VARCHAR},
      </if>
      <if test="approval != null" >
        #{approval,jdbcType=INTEGER},
      </if>
    </trim>
  </insert>
  <select id="countByExample" parameterType="com.xbjs.webim.pojo.ImGroupExample" resultType="java.lang.Integer" >
    select count(*) from im_group
    <if test="_parameter != null" >
      <include refid="Example_Where_Clause" />
    </if>
  </select>
  <update id="updateByExampleSelective" parameterType="map" >
    update im_group
    <set >
      <if test="record.groupId != null" >
        group_id = #{record.groupId,jdbcType=BIGINT},
      </if>
      <if test="record.groupname != null" >
        groupname = #{record.groupname,jdbcType=VARCHAR},
      </if>
      <if test="record.avatar != null" >
        avatar = #{record.avatar,jdbcType=VARCHAR},
      </if>
      <if test="record.notice != null" >
        notice = #{record.notice,jdbcType=VARCHAR},
      </if>
      <if test="record.userId != null" >
        user_id = #{record.userId,jdbcType=VARCHAR},
      </if>
      <if test="record.approval != null" >
        approval = #{record.approval,jdbcType=INTEGER},
      </if>
    </set>
    <if test="_parameter != null" >
      <include refid="Update_By_Example_Where_Clause" />
    </if>
  </update>
  <update id="updateByExample" parameterType="map" >
    update im_group
    set group_id = #{record.groupId,jdbcType=BIGINT},
      groupname = #{record.groupname,jdbcType=VARCHAR},
      avatar = #{record.avatar,jdbcType=VARCHAR},
      notice = #{record.notice,jdbcType=VARCHAR},
      user_id = #{record.userId,jdbcType=VARCHAR},
      approval = #{record.approval,jdbcType=INTEGER}
    <if test="_parameter != null" >
      <include refid="Update_By_Example_Where_Clause" />
    </if>
  </update>
  <update id="updateByPrimaryKeySelective" parameterType="com.xbjs.webim.pojo.ImGroup" >
    update im_group
    <set >
      <if test="groupname != null" >
        groupname = #{groupname,jdbcType=VARCHAR},
      </if>
      <if test="avatar != null" >
        avatar = #{avatar,jdbcType=VARCHAR},
      </if>
      <if test="notice != null" >
        notice = #{notice,jdbcType=VARCHAR},
      </if>
      <if test="userId != null" >
        user_id = #{userId,jdbcType=VARCHAR},
      </if>
      <if test="approval != null" >
        approval = #{approval,jdbcType=INTEGER},
      </if>
    </set>
    where group_id = #{groupId,jdbcType=BIGINT}
  </update>
  <update id="updateByPrimaryKey" parameterType="com.xbjs.webim.pojo.ImGroup" >
    update im_group
    set groupname = #{groupname,jdbcType=VARCHAR},
      avatar = #{avatar,jdbcType=VARCHAR},
      notice = #{notice,jdbcType=VARCHAR},
      user_id = #{userId,jdbcType=VARCHAR},
      approval = #{approval,jdbcType=INTEGER}
    where group_id = #{groupId,jdbcType=BIGINT}
  </update>
</mapper>