<?xml version="1.0" encoding="UTF-8" ?>
<!DOCTYPE mapper PUBLIC "-//mybatis.org//DTD Mapper 3.0//EN" "http://mybatis.org/dtd/mybatis-3-mapper.dtd" >
<mapper namespace="com.xbjs.webim.mapper.ImMyFriendMapper" >
  <resultMap id="BaseResultMap" type="com.xbjs.webim.pojo.ImMyFriend" >
    <id column="my_friend_id" property="myFriendId" jdbcType="BIGINT" />
    <result column="my_fz_id" property="myFzId" jdbcType="BIGINT" />
    <result column="user_id" property="userId" jdbcType="BIGINT" />
    <result column="nickName" property="nickname" jdbcType="VARCHAR" />
  </resultMap>
  <sql id="Example_Where_Clause" >
    <where >
      <foreach collection="oredCriteria" item="criteria" separator="or" >
        <if test="criteria.valid" >
          <trim prefix="(" suffix=")" prefixOverrides="and" >
            <foreach collection="criteria.criteria" item="criterion" >
              <choose >
                <when test="criterion.noValue" >
                  and ${criterion.condition}
                </when>
                <when test="criterion.singleValue" >
                  and ${criterion.condition} #{criterion.value}
                </when>
                <when test="criterion.betweenValue" >
                  and ${criterion.condition} #{criterion.value} and #{criterion.secondValue}
                </when>
                <when test="criterion.listValue" >
                  and ${criterion.condition}
                  <foreach collection="criterion.value" item="listItem" open="(" close=")" separator="," >
                    #{listItem}
                  </foreach>
                </when>
              </choose>
            </foreach>
          </trim>
        </if>
      </foreach>
    </where>
  </sql>
  <sql id="Update_By_Example_Where_Clause" >
    <where >
      <foreach collection="example.oredCriteria" item="criteria" separator="or" >
        <if test="criteria.valid" >
          <trim prefix="(" suffix=")" prefixOverrides="and" >
            <foreach collection="criteria.criteria" item="criterion" >
              <choose >
                <when test="criterion.noValue" >
                  and ${criterion.condition}
                </when>
                <when test="criterion.singleValue" >
                  and ${criterion.condition} #{criterion.value}
                </when>
                <when test="criterion.betweenValue" >
                  and ${criterion.condition} #{criterion.value} and #{criterion.secondValue}
                </when>
                <when test="criterion.listValue" >
                  and ${criterion.condition}
                  <foreach collection="criterion.value" item="listItem" open="(" close=")" separator="," >
                    #{listItem}
                  </foreach>
                </when>
              </choose>
            </foreach>
          </trim>
        </if>
      </foreach>
    </where>
  </sql>
  <sql id="Base_Column_List" >
    my_friend_id, my_fz_id, user_id, nickName
  </sql>
  <select id="selectByExample" resultMap="BaseResultMap" parameterType="com.xbjs.webim.pojo.ImMyFriendExample" >
    select
    <if test="distinct" >
      distinct
    </if>
    <include refid="Base_Column_List" />
    from im_my_friend
    <if test="_parameter != null" >
      <include refid="Example_Where_Clause" />
    </if>
    <if test="orderByClause != null" >
      order by ${orderByClause}
    </if>
  </select>
  <select id="selectByPrimaryKey" resultMap="BaseResultMap" parameterType="java.lang.Long" >
    select 
    <include refid="Base_Column_List" />
    from im_my_friend
    where my_friend_id = #{myFriendId,jdbcType=BIGINT}
  </select>
  <delete id="deleteByPrimaryKey" parameterType="java.lang.Long" >
    delete from im_my_friend
    where my_friend_id = #{myFriendId,jdbcType=BIGINT}
  </delete>
  <delete id="deleteByExample" parameterType="com.xbjs.webim.pojo.ImMyFriendExample" >
    delete from im_my_friend
    <if test="_parameter != null" >
      <include refid="Example_Where_Clause" />
    </if>
  </delete>
  <insert id="insert" parameterType="com.xbjs.webim.pojo.ImMyFriend" >
    insert into im_my_friend (my_friend_id, my_fz_id, user_id, 
      nickName)
    values (#{myFriendId,jdbcType=BIGINT}, #{myFzId,jdbcType=BIGINT}, #{userId,jdbcType=BIGINT}, 
      #{nickname,jdbcType=VARCHAR})
  </insert>
  <insert id="insertSelective" parameterType="com.xbjs.webim.pojo.ImMyFriend" >
    insert into im_my_friend
    <trim prefix="(" suffix=")" suffixOverrides="," >
      <if test="myFriendId != null" >
        my_friend_id,
      </if>
      <if test="myFzId != null" >
        my_fz_id,
      </if>
      <if test="userId != null" >
        user_id,
      </if>
      <if test="nickname != null" >
        nickName,
      </if>
    </trim>
    <trim prefix="values (" suffix=")" suffixOverrides="," >
      <if test="myFriendId != null" >
        #{myFriendId,jdbcType=BIGINT},
      </if>
      <if test="myFzId != null" >
        #{myFzId,jdbcType=BIGINT},
      </if>
      <if test="userId != null" >
        #{userId,jdbcType=BIGINT},
      </if>
      <if test="nickname != null" >
        #{nickname,jdbcType=VARCHAR},
      </if>
    </trim>
  </insert>
  <select id="countByExample" parameterType="com.xbjs.webim.pojo.ImMyFriendExample" resultType="java.lang.Integer" >
    select count(*) from im_my_friend
    <if test="_parameter != null" >
      <include refid="Example_Where_Clause" />
    </if>
  </select>
  <update id="updateByExampleSelective" parameterType="map" >
    update im_my_friend
    <set >
      <if test="record.myFriendId != null" >
        my_friend_id = #{record.myFriendId,jdbcType=BIGINT},
      </if>
      <if test="record.myFzId != null" >
        my_fz_id = #{record.myFzId,jdbcType=BIGINT},
      </if>
      <if test="record.userId != null" >
        user_id = #{record.userId,jdbcType=BIGINT},
      </if>
      <if test="record.nickname != null" >
        nickName = #{record.nickname,jdbcType=VARCHAR},
      </if>
    </set>
    <if test="_parameter != null" >
      <include refid="Update_By_Example_Where_Clause" />
    </if>
  </update>
  <update id="updateByExample" parameterType="map" >
    update im_my_friend
    set my_friend_id = #{record.myFriendId,jdbcType=BIGINT},
      my_fz_id = #{record.myFzId,jdbcType=BIGINT},
      user_id = #{record.userId,jdbcType=BIGINT},
      nickName = #{record.nickname,jdbcType=VARCHAR}
    <if test="_parameter != null" >
      <include refid="Update_By_Example_Where_Clause" />
    </if>
  </update>
  <update id="updateByPrimaryKeySelective" parameterType="com.xbjs.webim.pojo.ImMyFriend" >
    update im_my_friend
    <set >
      <if test="myFzId != null" >
        my_fz_id = #{myFzId,jdbcType=BIGINT},
      </if>
      <if test="userId != null" >
        user_id = #{userId,jdbcType=BIGINT},
      </if>
      <if test="nickname != null" >
        nickName = #{nickname,jdbcType=VARCHAR},
      </if>
    </set>
    where my_friend_id = #{myFriendId,jdbcType=BIGINT}
  </update>
  <update id="updateByPrimaryKey" parameterType="com.xbjs.webim.pojo.ImMyFriend" >
    update im_my_friend
    set my_fz_id = #{myFzId,jdbcType=BIGINT},
      user_id = #{userId,jdbcType=BIGINT},
      nickName = #{nickname,jdbcType=VARCHAR}
    where my_friend_id = #{myFriendId,jdbcType=BIGINT}
  </update>
</mapper>