<?xml version="1.0" encoding="UTF-8" ?>
<!DOCTYPE mapper PUBLIC "-//mybatis.org//DTD Mapper 3.0//EN" "http://mybatis.org/dtd/mybatis-3-mapper.dtd" >
<mapper namespace="com.xbjs.webim.mapper.ImMyFzMapper" >
  <resultMap id="BaseResultMap" type="com.xbjs.webim.pojo.ImMyFz" >
    <id column="fz_id" property="fzId" jdbcType="BIGINT" />
    <result column="fz_groupname" property="fzGroupname" jdbcType="VARCHAR" />
  </resultMap>
  <sql id="Example_Where_Clause" >
    <where >
      <foreach collection="oredCriteria" item="criteria" separator="or" >
        <if test="criteria.valid" >
          <trim prefix="(" suffix=")" prefixOverrides="and" >
            <foreach collection="criteria.criteria" item="criterion" >
              <choose >
                <when test="criterion.noValue" >
                  and ${criterion.condition}
                </when>
                <when test="criterion.singleValue" >
                  and ${criterion.condition} #{criterion.value}
                </when>
                <when test="criterion.betweenValue" >
                  and ${criterion.condition} #{criterion.value} and #{criterion.secondValue}
                </when>
                <when test="criterion.listValue" >
                  and ${criterion.condition}
                  <foreach collection="criterion.value" item="listItem" open="(" close=")" separator="," >
                    #{listItem}
                  </foreach>
                </when>
              </choose>
            </foreach>
          </trim>
        </if>
      </foreach>
    </where>
  </sql>
  <sql id="Update_By_Example_Where_Clause" >
    <where >
      <foreach collection="example.oredCriteria" item="criteria" separator="or" >
        <if test="criteria.valid" >
          <trim prefix="(" suffix=")" prefixOverrides="and" >
            <foreach collection="criteria.criteria" item="criterion" >
              <choose >
                <when test="criterion.noValue" >
                  and ${criterion.condition}
                </when>
                <when test="criterion.singleValue" >
                  and ${criterion.condition} #{criterion.value}
                </when>
                <when test="criterion.betweenValue" >
                  and ${criterion.condition} #{criterion.value} and #{criterion.secondValue}
                </when>
                <when test="criterion.listValue" >
                  and ${criterion.condition}
                  <foreach collection="criterion.value" item="listItem" open="(" close=")" separator="," >
                    #{listItem}
                  </foreach>
                </when>
              </choose>
            </foreach>
          </trim>
        </if>
      </foreach>
    </where>
  </sql>
  <sql id="Base_Column_List" >
    fz_id, fz_groupname
  </sql>
  <select id="selectByExample" resultMap="BaseResultMap" parameterType="com.xbjs.webim.pojo.ImMyFzExample" >
    select
    <if test="distinct" >
      distinct
    </if>
    <include refid="Base_Column_List" />
    from im_my_fz
    <if test="_parameter != null" >
      <include refid="Example_Where_Clause" />
    </if>
    <if test="orderByClause != null" >
      order by ${orderByClause}
    </if>
  </select>
  <select id="selectByPrimaryKey" resultMap="BaseResultMap" parameterType="java.lang.Long" >
    select 
    <include refid="Base_Column_List" />
    from im_my_fz
    where fz_id = #{fzId,jdbcType=BIGINT}
  </select>
  <delete id="deleteByPrimaryKey" parameterType="java.lang.Long" >
    delete from im_my_fz
    where fz_id = #{fzId,jdbcType=BIGINT}
  </delete>
  <delete id="deleteByExample" parameterType="com.xbjs.webim.pojo.ImMyFzExample" >
    delete from im_my_fz
    <if test="_parameter != null" >
      <include refid="Example_Where_Clause" />
    </if>
  </delete>
  <insert id="insert" parameterType="com.xbjs.webim.pojo.ImMyFz" >
    insert into im_my_fz (fz_id, fz_groupname)
    values (#{fzId,jdbcType=BIGINT}, #{fzGroupname,jdbcType=VARCHAR})
  </insert>
  <insert id="insertSelective" parameterType="com.xbjs.webim.pojo.ImMyFz" >
    insert into im_my_fz
    <trim prefix="(" suffix=")" suffixOverrides="," >
      <if test="fzId != null" >
        fz_id,
      </if>
      <if test="fzGroupname != null" >
        fz_groupname,
      </if>
    </trim>
    <trim prefix="values (" suffix=")" suffixOverrides="," >
      <if test="fzId != null" >
        #{fzId,jdbcType=BIGINT},
      </if>
      <if test="fzGroupname != null" >
        #{fzGroupname,jdbcType=VARCHAR},
      </if>
    </trim>
  </insert>
  <select id="countByExample" parameterType="com.xbjs.webim.pojo.ImMyFzExample" resultType="java.lang.Integer" >
    select count(*) from im_my_fz
    <if test="_parameter != null" >
      <include refid="Example_Where_Clause" />
    </if>
  </select>
  <update id="updateByExampleSelective" parameterType="map" >
    update im_my_fz
    <set >
      <if test="record.fzId != null" >
        fz_id = #{record.fzId,jdbcType=BIGINT},
      </if>
      <if test="record.fzGroupname != null" >
        fz_groupname = #{record.fzGroupname,jdbcType=VARCHAR},
      </if>
    </set>
    <if test="_parameter != null" >
      <include refid="Update_By_Example_Where_Clause" />
    </if>
  </update>
  <update id="updateByExample" parameterType="map" >
    update im_my_fz
    set fz_id = #{record.fzId,jdbcType=BIGINT},
      fz_groupname = #{record.fzGroupname,jdbcType=VARCHAR}
    <if test="_parameter != null" >
      <include refid="Update_By_Example_Where_Clause" />
    </if>
  </update>
  <update id="updateByPrimaryKeySelective" parameterType="com.xbjs.webim.pojo.ImMyFz" >
    update im_my_fz
    <set >
      <if test="fzGroupname != null" >
        fz_groupname = #{fzGroupname,jdbcType=VARCHAR},
      </if>
    </set>
    where fz_id = #{fzId,jdbcType=BIGINT}
  </update>
  <update id="updateByPrimaryKey" parameterType="com.xbjs.webim.pojo.ImMyFz" >
    update im_my_fz
    set fz_groupname = #{fzGroupname,jdbcType=VARCHAR}
    where fz_id = #{fzId,jdbcType=BIGINT}
  </update>
</mapper>