<?xml version="1.0" encoding="UTF-8" ?>
<!DOCTYPE mapper PUBLIC "-//mybatis.org//DTD Mapper 3.0//EN" "http://mybatis.org/dtd/mybatis-3-mapper.dtd" >
<mapper namespace="com.xbjs.webim.mapper.ImUserMapper" >
  <resultMap id="BaseResultMap" type="com.xbjs.webim.pojo.ImUser" >
    <id column="id" property="id" jdbcType="BIGINT" />
    <result column="username" property="username" jdbcType="VARCHAR" />
    <result column="pass" property="pass" jdbcType="VARCHAR" />
    <result column="sign" property="sign" jdbcType="VARCHAR" />
    <result column="status" property="status" jdbcType="VARCHAR" />
    <result column="avatar" property="avatar" jdbcType="VARCHAR" />
    <result column="sex" property="sex" jdbcType="INTEGER" />
  </resultMap>
  <sql id="Example_Where_Clause" >
    <where >
      <foreach collection="oredCriteria" item="criteria" separator="or" >
        <if test="criteria.valid" >
          <trim prefix="(" suffix=")" prefixOverrides="and" >
            <foreach collection="criteria.criteria" item="criterion" >
              <choose >
                <when test="criterion.noValue" >
                  and ${criterion.condition}
                </when>
                <when test="criterion.singleValue" >
                  and ${criterion.condition} #{criterion.value}
                </when>
                <when test="criterion.betweenValue" >
                  and ${criterion.condition} #{criterion.value} and #{criterion.secondValue}
                </when>
                <when test="criterion.listValue" >
                  and ${criterion.condition}
                  <foreach collection="criterion.value" item="listItem" open="(" close=")" separator="," >
                    #{listItem}
                  </foreach>
                </when>
              </choose>
            </foreach>
          </trim>
        </if>
      </foreach>
    </where>
  </sql>
  <sql id="Update_By_Example_Where_Clause" >
    <where >
      <foreach collection="example.oredCriteria" item="criteria" separator="or" >
        <if test="criteria.valid" >
          <trim prefix="(" suffix=")" prefixOverrides="and" >
            <foreach collection="criteria.criteria" item="criterion" >
              <choose >
                <when test="criterion.noValue" >
                  and ${criterion.condition}
                </when>
                <when test="criterion.singleValue" >
                  and ${criterion.condition} #{criterion.value}
                </when>
                <when test="criterion.betweenValue" >
                  and ${criterion.condition} #{criterion.value} and #{criterion.secondValue}
                </when>
                <when test="criterion.listValue" >
                  and ${criterion.condition}
                  <foreach collection="criterion.value" item="listItem" open="(" close=")" separator="," >
                    #{listItem}
                  </foreach>
                </when>
              </choose>
            </foreach>
          </trim>
        </if>
      </foreach>
    </where>
  </sql>
  <sql id="Base_Column_List" >
    id, username, pass, sign, status, avatar, sex
  </sql>
  <select id="selectByExample" resultMap="BaseResultMap" parameterType="com.xbjs.webim.pojo.ImUserExample" >
    select
    <if test="distinct" >
      distinct
    </if>
    <include refid="Base_Column_List" />
    from im_user
    <if test="_parameter != null" >
      <include refid="Example_Where_Clause" />
    </if>
    <if test="orderByClause != null" >
      order by ${orderByClause}
    </if>
  </select>
  <select id="selectByPrimaryKey" resultMap="BaseResultMap" parameterType="java.lang.Long" >
    select * from im_user  where `id` = #{id,jdbcType=BIGINT}
  </select>
  <delete id="deleteByPrimaryKey" parameterType="java.lang.Long" >
    delete from im_user
    where id = #{id,jdbcType=BIGINT}
  </delete>
  <delete id="deleteByExample" parameterType="com.xbjs.webim.pojo.ImUserExample" >
    delete from im_user
    <if test="_parameter != null" >
      <include refid="Example_Where_Clause" />
    </if>
  </delete>
  <insert id="insert" parameterType="com.xbjs.webim.pojo.ImUser" >
    insert into im_user (id, username, pass, 
      sign, status, avatar, 
      sex)
    values (#{id,jdbcType=BIGINT}, #{username,jdbcType=VARCHAR}, #{pass,jdbcType=VARCHAR}, 
      #{sign,jdbcType=VARCHAR}, #{status,jdbcType=VARCHAR}, #{avatar,jdbcType=VARCHAR}, 
      #{sex,jdbcType=INTEGER})
  </insert>
  <insert id="insertSelective" parameterType="com.xbjs.webim.pojo.ImUser" >
    insert into im_user
    <trim prefix="(" suffix=")" suffixOverrides="," >
      <if test="id != null" >
        id,
      </if>
      <if test="username != null" >
        username,
      </if>
      <if test="pass != null" >
        pass,
      </if>
      <if test="sign != null" >
        sign,
      </if>
      <if test="status != null" >
        status,
      </if>
      <if test="avatar != null" >
        avatar,
      </if>
      <if test="sex != null" >
        sex,
      </if>
    </trim>
    <trim prefix="values (" suffix=")" suffixOverrides="," >
      <if test="id != null" >
        #{id,jdbcType=BIGINT},
      </if>
      <if test="username != null" >
        #{username,jdbcType=VARCHAR},
      </if>
      <if test="pass != null" >
        #{pass,jdbcType=VARCHAR},
      </if>
      <if test="sign != null" >
        #{sign,jdbcType=VARCHAR},
      </if>
      <if test="status != null" >
        #{status,jdbcType=VARCHAR},
      </if>
      <if test="avatar != null" >
        #{avatar,jdbcType=VARCHAR},
      </if>
      <if test="sex != null" >
        #{sex,jdbcType=INTEGER},
      </if>
    </trim>
  </insert>
  <select id="countByExample" parameterType="com.xbjs.webim.pojo.ImUserExample" resultType="java.lang.Integer" >
    select count(*) from im_user
    <if test="_parameter != null" >
      <include refid="Example_Where_Clause" />
    </if>
  </select>
  <update id="updateByExampleSelective" parameterType="map" >
    update im_user
    <set >
      <if test="record.id != null" >
        id = #{record.id,jdbcType=BIGINT},
      </if>
      <if test="record.username != null" >
        username = #{record.username,jdbcType=VARCHAR},
      </if>
      <if test="record.pass != null" >
        pass = #{record.pass,jdbcType=VARCHAR},
      </if>
      <if test="record.sign != null" >
        sign = #{record.sign,jdbcType=VARCHAR},
      </if>
      <if test="record.status != null" >
        status = #{record.status,jdbcType=VARCHAR},
      </if>
      <if test="record.avatar != null" >
        avatar = #{record.avatar,jdbcType=VARCHAR},
      </if>
      <if test="record.sex != null" >
        sex = #{record.sex,jdbcType=INTEGER},
      </if>
    </set>
    <if test="_parameter != null" >
      <include refid="Update_By_Example_Where_Clause" />
    </if>
  </update>
  <update id="updateByExample" parameterType="map" >
    update im_user
    set id = #{record.id,jdbcType=BIGINT},
      username = #{record.username,jdbcType=VARCHAR},
      pass = #{record.pass,jdbcType=VARCHAR},
      sign = #{record.sign,jdbcType=VARCHAR},
      status = #{record.status,jdbcType=VARCHAR},
      avatar = #{record.avatar,jdbcType=VARCHAR},
      sex = #{record.sex,jdbcType=INTEGER}
    <if test="_parameter != null" >
      <include refid="Update_By_Example_Where_Clause" />
    </if>
  </update>
  <update id="updateByPrimaryKeySelective" parameterType="com.xbjs.webim.pojo.ImUser" >
    update im_user
    <set >
      <if test="username != null" >
        username = #{username,jdbcType=VARCHAR},
      </if>
      <if test="pass != null" >
        pass = #{pass,jdbcType=VARCHAR},
      </if>
      <if test="sign != null" >
        sign = #{sign,jdbcType=VARCHAR},
      </if>
      <if test="status != null" >
        status = #{status,jdbcType=VARCHAR},
      </if>
      <if test="avatar != null" >
        avatar = #{avatar,jdbcType=VARCHAR},
      </if>
      <if test="sex != null" >
        sex = #{sex,jdbcType=INTEGER},
      </if>
    </set>
    where id = #{id,jdbcType=BIGINT}
  </update>
  <update id="updateByPrimaryKey" parameterType="com.xbjs.webim.pojo.ImUser" >
    update im_user
    set username = #{username,jdbcType=VARCHAR},
      pass = #{pass,jdbcType=VARCHAR},
      sign = #{sign,jdbcType=VARCHAR},
      status = #{status,jdbcType=VARCHAR},
      avatar = #{avatar,jdbcType=VARCHAR},
      sex = #{sex,jdbcType=INTEGER}
    where id = #{id,jdbcType=BIGINT}
  </update>
  <update id="updateStatusByUserId" parameterType="java.lang.String" >
    update im_user
    set status = #{status,jdbcType=VARCHAR},
    where id = #{id,jdbcType=BIGINT}
  </update>
</mapper>